"","Wet","Dry"
"Facility1",-0.57975472258736,0.579754722587361
"Facility2",-0.971541127588418,0.971541127588418
"Facility3",1.4957580250938,-1.4957580250938
