"","Df","Sum Sq","Mean Sq","F value","Pr(>F)"
"Groups",2,0.00530114701354338,0.00265057350677169,1.46631496026609,0.235019596024041
"Residuals",116,0.209686551059753,0.0018076426815496,NA,NA
