"","Df","SumOfSqs","R2","F","Pr(>F)"
"meta$Facility",2,2.26612643222944,0.0450639180897376,2.73704942007877,0.001
"Residual",116,48.0208110621273,0.954936081910262,NA,NA
"Total",118,50.2869374943567,1,NA,NA
