"","Df","Sum Sq","Mean Sq","F value","Pr(>F)"
"Groups",3,0.129358953979941,0.0431196513266469,8.09326677247907,6.15134612362849e-05
"Residuals",115,0.612701896770105,0.00532784258060961,NA,NA
